Periode,Rata-rata,Std_Dev,Min,Max
Malam (00:00-06:00),15.868413460019806,3.9469666762317717,5.0,25.758634266694035
Pagi (06:00-09:00),29.0369864014692,4.690187852831203,17.249724341596426,41.09343921299944
Siang (10:00-16:00),31.80431723881384,5.313016606028078,19.324915138803835,47.18067666635848
Sore (17:00-20:00),30.616092513463425,4.890198253294887,14.78843762819007,44.010925962618884
